{"cameraMode":{"drawMode":0,"name":"Shaded","section":"Shading Mode"},"sceneLighting":true,"audioPlay":false,"sceneViewState":{"showFog":true,"showMaterialUpdate":true,"showSkybox":false,"showFlares":true,"showImageEffects":false,"showParticleSystems":true},"in2DMode":false,"pivot":{"x":89.93206024169922,"y":95.70378875732422,"z":82.0189437866211},"rotation":{"x":-0.3752393424510956,"y":-0.6044502854347229,"z":0.3864269256591797,"w":-0.5869494080543518},"size":17.051265716552736,"orthographic":false}