{"cameraMode":{"drawMode":0,"name":"Shaded","section":"Shading Mode"},"sceneLighting":true,"audioPlay":false,"sceneViewState":{"showFog":true,"showMaterialUpdate":false,"showSkybox":true,"showFlares":true,"showImageEffects":true,"showParticleSystems":true},"in2DMode":false,"pivot":{"x":100.62543487548828,"y":-20.017139434814454,"z":103.47626495361328},"rotation":{"x":0.24338194727897645,"y":0.2583751380443573,"z":-0.06743969023227692,"w":0.9324480891227722},"size":152.2107391357422,"orthographic":false}