{"cameraMode":{"drawMode":0,"name":"Shaded","section":"Shading Mode"},"sceneLighting":false,"audioPlay":false,"sceneViewState":{"showFog":true,"showMaterialUpdate":false,"showSkybox":true,"showFlares":true,"showImageEffects":true,"showParticleSystems":true},"in2DMode":false,"pivot":{"x":416.7054443359375,"y":145.9712677001953,"z":142.85079956054688},"rotation":{"x":0.1718229204416275,"y":0.038405511528253558,"z":-0.006704536732286215,"w":0.9843561053276062},"size":22.0,"orthographic":false}