{"cameraMode":{"drawMode":0,"name":"Shaded","section":"Shading Mode"},"sceneLighting":false,"audioPlay":false,"sceneViewState":{"showFog":true,"showMaterialUpdate":false,"showSkybox":true,"showFlares":true,"showImageEffects":true,"showParticleSystems":true},"in2DMode":false,"pivot":{"x":597.3858642578125,"y":214.61376953125,"z":88.11395263671875},"rotation":{"x":0.22377245128154756,"y":-0.09631111472845078,"z":0.022226478904485704,"w":0.9696164727210999},"size":457.1752014160156,"orthographic":false}