{"cameraMode":{"drawMode":0,"name":"Shaded","section":"Shading Mode"},"sceneLighting":false,"audioPlay":false,"sceneViewState":{"showFog":true,"showMaterialUpdate":false,"showSkybox":true,"showFlares":true,"showImageEffects":true,"showParticleSystems":true},"in2DMode":false,"pivot":{"x":824.7054443359375,"y":307.97125244140627,"z":142.85079956054688},"rotation":{"x":0.2647610306739807,"y":-0.2839493751525879,"z":0.08190047740936279,"w":0.9179143309593201},"size":22.0,"orthographic":false}