{"cameraMode":{"drawMode":0,"name":"Shaded","section":"Shading Mode"},"sceneLighting":true,"audioPlay":false,"sceneViewState":{"showFog":true,"showMaterialUpdate":false,"showSkybox":true,"showFlares":true,"showImageEffects":true,"showParticleSystems":true},"in2DMode":false,"pivot":{"x":71.00194549560547,"y":-78.2476577758789,"z":141.84017944335938},"rotation":{"x":-0.41964155435562136,"y":-0.05222340673208237,"z":0.02419389598071575,"w":-0.905863344669342},"size":217.41526794433595,"orthographic":false}